crimes,armas,delegacia,investimento
910,765,1,5335.909680605453
908,862,1,5344.207639382805
910,868,1,5386.250071129403
910,888,1,4657.511531536169
912,814,1,4628.419275575944
906,863,1,5167.077361535301
913,925,1,5344.98937209496
911,741,1,5035.6051350188945
909,815,0,5402.912941461306
909,936,1,5098.747582174491
906,841,1,4980.553448107085
909,814,1,5186.972844769015
908,910,1,5290.897810364449
909,812,1,5128.930142645852
907,824,1,4932.8418525747475
909,869,1,4606.445429368665
909,871,1,4592.9356215629105
908,895,1,5354.007534810626
908,832,1,5057.493510465293
911,951,1,4878.847268511026
909,858,1,5469.7362397057495
913,883,1,5390.183118032449
909,853,1,5353.804414459098
906,823,1,4780.756384966117
907,838,1,5007.96897092245
908,822,1,5112.276920714572
909,856,1,4981.15478524762
911,819,1,5306.010185224706
905,788,1,5306.15259144947
909,822,1,5140.791584053121
906,822,1,5435.038148074191
909,833,1,4888.25162606187
908,799,1,5056.7750111086
911,910,1,4614.851383142561
912,912,1,4941.830189091476
907,865,0,4899.778743303267
912,906,1,4768.609706058282
908,899,1,5018.363894505607
909,884,1,5296.798559474759
911,846,1,4685.133320556534
913,826,1,4961.1766642780185
905,805,1,5440.755397103896
911,818,1,4716.005863897669
912,904,1,5271.35638214872
908,799,1,4780.225070472536
904,926,1,5030.550035488605
911,802,1,4958.611628879482
908,858,1,4357.582296092487
908,853,1,4473.281592491941
908,822,1,4799.076851768868
912,867,1,5039.331411619721
911,844,1,5047.760144516172
913,788,1,4699.617940964302
912,863,1,4742.420333627143
913,874,1,5386.776446639009
907,829,1,4945.421297431174
909,889,1,4889.103336668448
908,868,1,4888.3494249207915
909,890,1,4726.2970162336305
912,739,1,5121.582549736241
909,782,1,5005.7637212529235
909,920,1,5014.633996097122
914,869,1,5176.271364785166
908,880,1,4881.635071730987
913,882,1,5154.630121647947
912,884,1,5154.5353051006405
912,909,1,4606.670672841361
911,834,1,5088.353987717335
910,878,1,4514.330742061575
911,841,1,4881.467746154471
907,885,1,5115.325938935976
911,821,1,5103.88485070597
909,859,1,4923.787819022489
911,811,1,5327.073131571692
908,778,1,5010.944969375694
915,817,1,4596.380742487457
910,788,1,4909.808566299569
907,854,1,5126.986483420379
910,877,1,4748.914795976443
906,933,1,5389.487378140492
909,877,1,5154.776484200366
906,849,1,5425.597899001842
908,872,1,5383.274339126065
909,860,1,5438.795273158369
908,860,1,5143.965142754995
908,852,1,5252.619177166333
907,785,1,5160.185621540702
911,903,1,4866.754185535375
911,827,1,5217.846654191968
910,907,1,5230.282216444349
904,935,1,4945.0809506569785
906,893,1,4969.550777481232
910,819,1,5272.166917276265
911,882,1,5274.0746667037965
907,853,1,4884.992301168142
911,832,1,4608.599432235456
907,904,1,5063.559860862662
906,877,1,5042.03330993482
908,790,1,4997.959923668421
909,800,1,5029.55555082796
911,832,1,4809.469101444271
907,813,1,5011.967962447247
907,826,0,5354.821171256275
912,849,1,5265.114188183895
907,837,1,5188.291552397869
911,880,1,4882.530594982376
909,823,1,5126.844477844482
912,929,1,4767.962927457544
908,854,1,4957.177919747346
907,877,1,5009.053588714613
911,824,1,5042.457223208945
907,920,1,4689.819021511387
908,885,1,4889.785866137743
910,901,1,5227.005533960066
908,920,0,4642.763227517835
910,851,1,5147.0548484279525
911,900,1,5481.600254668551
908,850,1,4649.140013557229
911,848,1,5167.000653759438
911,886,1,4630.745192716341
909,807,1,4735.2769683113875
908,873,1,5379.698199816087
912,821,1,5079.458260147082
911,835,1,5132.233013766943
908,808,1,5075.933260925525
909,868,1,4969.471520665074
912,829,1,5076.313303857283
909,855,1,4748.8260966619855
912,833,1,4423.886648103659
907,810,1,4845.724214084916
907,865,1,4722.014774186289
908,851,1,4685.741974573724
907,804,1,5137.854932729795
913,845,1,5212.995127516806
906,878,1,5326.723169436597
908,888,1,5353.49306617419
909,794,1,5011.355049056598
911,814,1,4749.798930944224
910,834,1,5362.349258731603
909,841,1,4933.687699294571
911,885,1,5100.400765241127
912,892,1,4769.85298176612
911,833,1,4931.539608860197
905,857,1,4830.115251937487
906,851,1,4371.246199660616
907,867,1,5026.287631197138
908,761,1,5163.980858809386
908,852,1,5068.472292155882
908,826,1,5065.82791572775
907,894,1,5174.100432781096
905,851,1,5506.195382733452
911,928,1,5044.704510309531
905,842,1,4748.849120502351
910,793,1,5021.720104756855
909,916,1,4891.966371953669
908,864,1,4995.133170610805
912,896,1,4357.967728737947
911,794,1,5239.443039668004
907,872,1,4705.826639702869
911,903,1,5085.298423849453
910,858,1,5022.399938352721
908,846,1,5175.972741809816
911,874,1,4796.262874299834
911,832,1,5426.216778784148
910,926,1,5060.469796120088
911,861,1,5168.295665148737
912,856,1,4582.150075390991
908,857,1,5112.385141482563
910,849,1,5243.647653211636
910,937,1,5097.545258742333
911,884,1,4907.420907050789
905,859,1,5033.118322136322
910,877,0,5003.611462787239
908,915,1,5096.1076083134585
907,854,1,5025.468987412686
911,906,1,4781.478172176984
909,864,1,5240.60797525357
908,800,1,5183.158342925328
908,935,1,5032.705652621327
906,876,1,4988.827311697074
911,908,1,4940.839973961878
904,839,1,4699.69408620514
907,765,1,4898.51975457479
912,840,1,5222.950026309881
911,892,1,5222.75200133949
916,802,1,4959.401669632612
905,872,1,5111.556940369299
910,845,1,5259.36423328904
910,851,1,5553.095871932707
908,900,1,5170.762683484355
907,856,1,5127.064724260585
910,855,1,5226.00515568851
907,897,1,4915.080678132848
908,826,1,5366.505966657723
908,824,1,4783.879510902701
909,865,1,5588.4513719725655
906,875,1,4976.83838537105
912,869,1,4982.941068468268
910,870,1,4567.755561606863
907,868,1,4853.888568423656
910,876,1,4320.662254149075
911,773,1,5000.516005566461
908,827,0,4868.129278376185
906,854,1,5035.63306702893
911,839,1,4952.338912395459
914,813,1,4566.0189445167725
911,864,1,5056.805700583935
912,944,1,4877.841542397433
909,815,0,5142.9716067708
911,878,1,4691.0219119688045
911,878,1,4885.272601159729
908,908,1,5273.608722075691
911,926,1,4935.320782579396
911,802,1,4723.713680120048
909,832,1,4995.102522474431
912,871,1,4709.093653407269
909,916,1,4521.892848661926
908,767,1,5101.437660503427
911,832,1,4855.13596886638
909,880,1,4408.304001867402
908,860,0,5137.130540958217
906,891,1,4948.552080186657
908,748,1,4991.507414620474
909,869,1,4466.622556614185
912,912,1,4797.4187413942755
905,833,1,4456.221769793327
908,881,1,4853.827278006448
908,871,1,4944.700965501295
911,765,1,5157.76605377306
908,891,1,5102.681116286539
911,842,0,5057.781143568896
908,875,1,4821.103319417063
908,839,1,5234.599052343981
908,814,1,4833.854178512516
913,876,1,4908.860697754557
913,845,1,4732.353052231684
911,821,1,5120.770965637958
913,855,1,4912.362895850125
911,850,1,5062.472301135175
909,938,1,5068.02754936388
909,815,1,4958.897763755845
908,907,1,4702.475393090631
907,803,1,4752.002763721272
911,782,1,5040.591477194714
912,837,1,5335.603485000406
908,797,0,4957.620627814304
908,871,1,4766.144902577597
910,915,1,4536.462384189967
907,908,1,4971.443050178118
906,782,1,4778.119527320894
912,791,1,4784.034563019963
912,873,1,5115.9693044229825
909,861,1,5266.839004211848
912,842,1,5188.926275706223
909,813,1,4825.804140035357
912,882,1,5234.351532751927
913,806,1,5250.82824443207
907,829,1,5062.28119782841
905,881,1,4854.310222894325
909,855,1,4976.152679730274
911,855,1,4709.078226058771
909,810,1,5666.383005610265
912,867,1,4707.111381521228
912,906,1,5138.933367263489
910,810,0,4977.730264171276
907,846,1,4769.480176885288
907,840,1,4712.024930590484
912,880,0,5271.0834510885725
904,887,1,4597.615510483102
910,859,1,4939.265458798115
912,807,1,4971.789764099244
908,839,1,5347.2318667595655
905,840,1,5533.675451023804
909,807,1,5215.926604988713
912,850,1,4929.086464055619
912,848,1,5282.148210250755
906,838,0,5082.483425966513
912,939,1,5260.503487444553
910,849,1,5242.371925712744
911,904,1,4701.3400895326695
909,803,1,4954.842706626524
911,851,1,5247.771746004931
911,808,1,4626.000783434225
911,848,1,4569.757205263344
912,856,1,4848.750964554861
908,774,1,4828.9455273894355
912,858,1,5355.815486702134
908,903,1,5024.7585475545675
908,855,1,5346.526226473965
912,888,1,5295.207682523443
910,901,1,5025.998617499495
908,868,1,5588.704071559265
909,879,0,5082.829830912091
911,882,1,5220.531990693219
913,838,1,5328.130644794995
908,861,1,5004.146712098643
909,871,1,5242.508793500289
908,859,1,5311.858754451316
909,945,1,4747.119690237692
908,813,0,4766.934133777095
909,966,1,4759.376076761136
909,819,1,5307.543331379523
908,832,1,5347.183521752475
907,824,1,5073.911597972627
909,809,1,4984.7189995828285
912,838,1,5043.751953169779
906,789,1,5095.080277011468
908,837,1,5132.507352543729
908,763,1,4727.670129881563
908,799,1,5244.091286639946
905,809,1,5172.121634496035
906,852,1,5158.119550812842
909,859,1,5018.9364629334095
910,870,1,5502.1918482573765
907,770,1,4884.011574779522
905,885,1,5366.653654525059
910,938,1,5097.64334725163
908,878,1,4760.090795323168
907,790,1,5378.453169917676
909,802,1,5165.012414796486
908,853,1,5213.2793691303905
908,867,1,4623.709220250381
908,933,1,4862.274133817037
914,855,0,4887.80268696528
903,887,1,5048.295360072936
906,878,1,4581.7808282338
911,833,1,5273.167988431051
910,851,1,4890.20106837374
910,866,1,5194.607919202883
909,911,0,5164.221646946021
913,837,1,5155.01657890218
906,795,1,5040.641623340514
907,847,0,4916.144487581238
911,843,1,5342.256454991038
906,742,1,4905.996300396857
909,802,1,5096.1052038782755
913,826,1,4767.6660815291025
911,837,1,4906.64454327678
911,837,1,4732.17307500381
912,836,1,5086.430169263933
909,795,0,5063.369248701332
912,779,1,4708.01536167838
912,831,1,4448.631121628577
908,844,1,4957.957457737707
906,888,1,4980.184732905891
906,923,1,4718.858058134899
911,883,1,5043.286786096204
912,831,1,4892.147513265746
908,800,1,4716.39776828983
908,762,1,5072.156179693705
912,803,1,5257.501077901759
908,800,1,4967.919920846142
912,891,1,5070.223152646764
908,849,1,5270.391267452185
913,864,1,5070.293760952616
907,793,1,4973.201288335766
906,861,1,5161.629498075406
908,832,1,5086.820552040017
908,869,1,4793.716342526024
912,859,1,4872.09115646181
908,827,1,4788.33935777146
908,903,1,5167.357902777172
910,890,1,4900.767706258764
907,904,1,5144.265833334583
906,905,1,4940.30516858229
912,902,1,5133.0708703824375
909,852,1,5498.247258407326
909,897,1,5131.00654381903
905,937,1,5221.642052633184
904,861,1,5049.1447552740165
904,811,1,4871.889180507622
904,836,1,5159.577952250391
904,806,1,4671.093711443928
904,861,1,4627.434403605968
904,783,1,5436.283733750733
904,799,1,4617.273942672806
904,842,1,5995.238974408816
903,855,1,4559.122283882041
903,890,1,4904.289211444985
903,786,1,5142.058806305954
905,855,1,5177.631816131394
905,870,1,5294.017422728116
904,872,1,4946.701855233608
904,903,1,5285.740208038489
904,904,1,4660.35856004259
903,848,1,5046.799735589754
903,870,1,4536.832166073137
903,781,1,5046.979618351226
903,800,1,5228.407368439583
911,856,1,4878.221557950708
905,826,1,4681.180005213625
905,908,1,4869.40718273876
905,853,0,4446.227539545885
904,850,1,4760.986011634814
904,816,1,5229.091941981765
904,789,1,4957.679053513995
903,888,1,5132.131345217401
903,753,1,4872.274221995637
903,872,1,5309.519146090118
911,801,1,4930.399959172275
911,849,1,5099.42008803605
910,807,1,5079.863452745349
910,877,1,4711.479858095814
910,884,1,4913.882163715272
906,840,1,5193.891356865969
905,860,1,4948.393374345507
905,774,1,4932.447641947546
905,931,1,4551.318338176169
905,811,1,4635.6399465388095
904,833,1,5352.621501190546
904,839,1,4660.136562785387
904,784,1,5090.998414785531
903,834,1,4632.713456416342
903,804,1,4847.888204925193
911,784,1,4930.527004727887
911,890,1,4823.78988759381
910,932,1,5029.5114374798095
910,855,1,4789.009198331707
910,851,1,4553.708220927403
908,839,1,4367.805336971311
906,874,1,5083.226562626121
906,881,1,5180.732468115181
906,873,1,4888.94176246164
905,798,1,5185.040542416764
905,954,1,4918.537768389087
905,804,1,4592.138170441675
905,815,1,4886.363292523102
904,833,1,4836.611098212706
904,901,1,4922.761222126689
904,873,1,5128.345129524764
903,864,1,5085.017996664657
903,903,1,4769.582009263529
911,891,1,4823.25467083589
911,812,1,4746.693864149087
910,862,1,4758.365627530574
910,857,1,4718.558253436461
910,850,1,5075.482573611295
909,854,1,4973.738467519458
909,824,1,4745.716371355177
909,970,1,5285.853214971837
909,922,1,5333.19623366146
908,788,1,5186.30184597058
908,854,1,5357.481312185904
907,822,1,5037.9164041218655
907,933,1,5324.831082289774
907,793,1,5039.640848626529
907,852,1,4941.988734443394
906,870,1,4930.352023601458
906,840,1,5119.837823027001
906,836,1,5059.770203750192
906,703,1,5254.2631498070205
905,751,1,5207.123577167635
905,857,1,5370.137728715329
905,833,1,5105.866555637151
905,835,1,4938.192496111745
904,889,1,4826.421237503827
904,883,1,5571.502213851377
904,880,1,4961.268705056457
903,854,1,4789.5400927815
911,874,1,5264.635017980582
911,863,1,5282.225306536353
910,846,1,5098.274221295452
910,879,1,5057.853799606416
910,820,1,4957.764565393738
910,816,1,5280.380584854322
909,848,1,5094.312704122003
909,907,1,4769.696354568184
909,899,1,4662.435049317627
909,828,1,5268.376779954299
908,853,1,4957.174405077955
908,817,1,5312.083246203507
908,902,1,4859.973090393085
907,875,1,5104.717450462817
907,827,1,4536.75546357447
907,787,1,5073.066454575357
907,918,1,5270.78234253744
906,832,1,4981.56211877646
906,938,1,4886.570282496739
906,888,1,5323.506246163537
906,835,1,4734.404168824812
905,886,1,4712.09596766181
905,875,1,4949.368209974735
905,857,1,5446.779012412109
905,824,1,5092.771938704064
904,820,1,4462.193536757551
904,866,1,5038.722054352839
904,906,1,4901.6710563133
903,771,1,5208.164242592122
911,858,1,5070.431515947228
911,913,1,4379.9988768930325
910,920,1,4650.250591988579
910,915,1,5108.784848560034
910,830,1,4843.249540898305
910,902,1,4862.575338524391
909,921,1,4660.87606527643
909,849,1,5235.756734152212
909,845,1,4814.940110098625
909,820,1,4944.920686305089
908,824,1,4977.939840683188
908,805,0,4880.025336555087
908,842,1,5068.054198329516
907,779,1,5028.6714268526075
907,805,1,5441.26354591524
907,813,1,4972.79546742497
907,866,1,4669.425199388093
906,845,1,4854.046462766215
906,847,1,5273.030057987431
906,811,1,4775.310697965876
906,854,0,4248.603369563018
905,859,1,4954.929271976892
905,862,1,5104.056327477923
905,838,1,5028.346681651722
905,933,0,5262.332739600267
904,838,1,5006.363842288324
904,875,1,5063.722842339129
904,851,1,5846.565806160378
904,936,1,5124.349065977579
911,826,1,5211.953603493612
911,805,1,4845.1898342462955
910,809,1,4897.713823305095
910,877,1,5008.620974625866
910,820,1,5005.122235423244
910,850,1,4769.821600103169
909,890,1,5109.97238708146
909,911,1,4833.1859693372235
909,808,1,4900.331685453668
909,876,1,4959.45945970083
908,924,1,5096.629269571387
908,832,1,4216.935461607334
908,863,1,5401.100790474008
907,776,1,4995.85852294288
907,791,1,5038.403021076695
907,865,1,5131.406801766449
907,877,1,5252.144136839136
906,825,1,4725.006824051727
906,863,1,5224.085411204499
906,833,1,4944.701669188138
906,812,1,5125.681842642292
905,798,1,4690.043802858157
905,862,1,5194.551091670404
905,866,1,4909.201838365733
905,729,1,5190.420942377326
904,854,1,4750.866763790006
904,830,1,5081.2368310305155
904,821,1,5305.857228314081
912,882,1,5222.087727674089
911,835,1,5177.971684371366
911,823,1,4911.211252076216
911,851,1,5122.617281166161
911,807,1,4618.462141009955
910,845,1,5041.0157227331365
910,846,1,5127.734208712615
910,782,1,4992.650588672585
910,852,1,4941.394334686238
909,899,1,4983.774401650759
909,856,1,4669.3029366987375
909,900,1,5405.173642519583
909,868,1,5546.7581591501075
908,855,1,5005.096493817104
908,814,1,4763.197383104677
908,795,1,4973.4494714431285
907,867,1,4763.819615943387
907,883,1,5033.843115620457
907,912,1,4725.324523492369
907,848,1,4747.224835733674
906,852,1,4913.64508953127
906,874,1,5102.01897384242
906,924,0,5191.120194123553
906,816,1,5104.3883303305065
905,904,1,4946.828771291789
905,834,1,4853.281926709389
915,872,1,4797.323505873384
912,874,1,5359.39921263293
912,810,1,4676.995871192494
912,889,1,4653.301286870609
911,843,1,4697.297661808002
911,854,1,5143.044649917646
911,845,1,4947.082828335752
911,751,1,4974.141145731392
910,875,1,5095.692299547122
910,783,1,5011.817671012415
910,852,1,4858.18989196825
910,862,1,5406.091535585752
909,817,1,5723.903611522692
909,795,1,5400.255495891732
909,899,1,4755.909775247622
909,873,1,4858.9967033831745
908,850,1,4920.884616974761
908,809,1,4758.323886619496
908,864,1,5008.272459939041
907,911,1,4904.250529203673
907,920,1,5236.645905103077
907,866,1,5050.94438996624
907,862,1,4972.9821723374225
906,904,1,4809.00425488314
906,855,1,5239.983248037826
906,852,1,4908.19566630254
906,870,1,5371.789927491993
905,839,1,4698.689750087798
915,851,1,5050.322034638227
915,835,1,4829.113942570066
915,824,1,4690.1654304710655
913,867,1,5087.488734105007
913,851,1,4911.604253716246
913,918,1,5311.208254651477
912,838,1,4879.736930972978
912,821,1,5052.010258158728
912,895,1,5441.015203109774
911,821,1,5121.265535862532
911,801,1,5032.010716225529
911,871,0,4781.356124081297
911,859,1,5472.255827315042
910,821,1,4478.528105849968
910,852,1,5192.876022875122
910,806,1,5009.806639384029
910,861,1,4877.15552024189
909,835,0,5066.714265998402
909,923,1,4953.542901446394
909,767,1,5031.376418404484
909,865,1,5051.964795601093
908,925,1,4925.7820021934895
908,869,1,5275.6450621241665
908,833,1,5066.698324942879
907,797,1,5233.435043379102
907,863,1,5266.648982683015
907,858,1,5613.043908177486
907,778,1,5192.96517753982
906,862,1,5178.614923538289
906,749,1,4996.304999704609
916,944,1,4932.551172180281
913,887,1,4881.229576032298
913,883,1,5200.89365053936
913,830,1,5232.873197538298
912,868,1,4947.171230021831
912,857,1,4858.2583654146165
912,843,1,4865.31926675319
911,911,1,5203.901615633186
911,900,1,4895.025590848048
911,892,1,4881.0804299204265
911,846,1,5218.014643184146
910,846,1,5404.9764774242085
910,856,1,5053.298853982729
910,847,1,5038.512023262096
910,836,0,4967.541084348366
909,833,1,4915.871220307937
909,873,1,5058.785599554844
909,827,1,4841.010848003943
909,811,1,5008.310900503941
908,860,1,5184.619577492422
908,886,1,5223.804186737384
908,790,1,5056.314477339458
907,806,1,5045.5910136137445
907,772,1,5334.404495180242
907,830,0,5259.9534484296355
907,813,1,4720.914502132755
906,846,1,5175.0268306301205
906,785,1,5206.49673227468
906,841,1,4951.294517756377
906,830,1,5467.472160721351
915,905,1,5072.895930274907
914,866,1,4885.820202397606
913,892,1,4706.45698237648
913,829,1,4952.732794723443
913,858,1,5279.548643749086
912,878,1,4749.706472244328
912,846,1,4935.484528045267
912,805,0,4478.664770873958
911,814,1,5013.857493706872
911,866,1,4607.803826324415
911,885,1,5352.936904617842
911,820,1,4971.656198614404
910,874,1,4814.200768799153
910,838,1,5072.072725984072
910,896,1,5066.008298839129
910,886,1,5139.556920166387
909,871,1,4710.247643858513
909,814,1,4791.663247834598
909,916,0,5108.841563567402
909,768,1,5013.327114154071
908,868,1,5014.833206132552
908,885,1,5151.965029848802
908,920,1,5366.971148591518
907,834,1,4665.614050604855
907,794,1,4945.163814857636
907,869,1,4659.616723486531
907,819,1,4953.139111784967
906,803,1,5385.164770008233
906,955,1,4967.136720929913
906,761,1,5021.153386039074
906,882,1,4804.802883142445
917,837,1,4984.144636659154
916,844,1,5242.716028117889
916,807,1,5560.808016540684
914,863,1,4640.438419710668
914,851,1,4932.73400947042
913,789,1,5230.136902337675
913,864,1,5154.758197664714
913,879,1,4961.674142159526
912,926,1,5189.823302085383
912,886,1,4793.164652400113
912,812,1,5635.270817521758
911,808,1,4957.818523827833
911,815,1,5124.941412944741
911,874,1,4702.2549224501545
911,857,1,4587.03414978488
910,886,1,4934.447270093597
910,870,1,5043.762463606977
910,839,1,4958.180191076983
910,843,1,4737.093518176642
909,778,1,4486.506006691537
909,815,1,4975.854040215693
909,856,1,5084.976666716553
909,864,1,4828.44698713034
908,832,1,5149.155255894566
908,875,1,5311.729925525313
908,800,1,4977.489641427251
907,858,1,4873.219932833274
907,842,1,5012.11988305641
907,895,1,5097.982850630391
907,859,1,5503.304149088601
906,887,1,4622.630713017095
906,829,1,4582.653010598591
906,870,1,5026.017674982784
906,826,1,5125.683771268654
917,883,1,4749.149394965475
916,916,1,4936.335744249971
916,871,1,5105.737489926675
916,871,1,5081.685876211509
914,832,1,4937.745085065347
914,881,1,4568.874149937703
913,844,1,5018.557967374671
913,824,1,4963.236616200359
913,855,1,5268.460469704299
913,922,1,4998.633347871039
912,769,1,5049.666233344166
912,798,1,4830.363116354907
912,886,1,5265.711002551316
911,892,1,5200.7042288931
911,811,1,4846.5232051110015
911,793,1,5099.160624124736
911,834,1,5042.691197336776
910,825,1,4724.551191827687
910,878,1,5075.529803248631
909,846,1,4476.012501517808
909,829,1,5184.658382797822
909,846,1,4880.452880252076
909,824,0,5059.532456044702
908,824,1,5179.634072838658
908,822,1,5056.915244591373
908,865,1,4783.712364875553
907,826,1,4764.509574710532
907,861,1,5690.95294447211
907,806,1,5467.017664122357
907,845,1,4730.787621104708
906,827,1,4894.443798545723
906,806,1,5027.463641301938
906,945,1,4903.7610935296425
906,820,1,5048.3465610080875
902,869,1,4727.42690605579
917,937,1,4900.271719927767
916,924,1,5276.787172392148
916,853,1,4948.842313556647
915,855,0,5101.921189256414
915,865,1,5081.189184461286
914,824,1,4942.279464216199
914,814,1,4979.536000474784
913,867,1,5249.641979155959
913,861,1,4917.045931975848
913,811,1,5283.884910237423
912,829,1,4803.615537523044
912,866,1,5196.3565281984
912,842,1,4741.779236797846
911,858,1,5161.90139363617
911,833,0,4877.1362128964965
911,902,1,5226.880945450012
911,905,1,5003.876615523766
910,885,1,4837.587982669908
910,825,1,5090.797193628304
909,854,1,5001.301088350335
909,879,1,5071.961756076058
909,826,1,4755.711900742154
908,884,1,4719.817499941223
908,862,1,5093.932923900406
908,896,1,5106.497914644068
907,887,1,5411.020205742111
907,816,1,5000.102607636251
907,844,1,5056.407617071451
907,801,1,4379.67091693334
906,814,1,4969.027113817541
906,773,1,4861.799309084555
906,934,1,5016.0819838524085
906,872,1,4683.694105982769
902,914,1,5283.230290593128
916,869,1,4732.095366978109
915,879,0,4806.915398603294
915,823,1,5632.834036164117
915,873,1,4582.372327723012
915,872,1,4975.454421415658
914,911,1,5081.274464785228
914,825,1,5084.853285362427
914,740,1,4901.116291047677
914,923,1,5425.880159901051
913,883,1,5199.361673764961
913,829,1,5254.169357721736
913,824,1,5350.526400805335
913,848,1,5188.764579579357
912,822,1,5014.435548960489
912,879,1,5156.639024923468
912,820,1,4734.467449461056
911,876,1,5157.761180287202
911,853,1,4859.318594207508
911,817,1,4727.137046040287
911,871,1,5071.229572820689
910,862,1,5922.6276492908955
910,905,1,4634.298957808116
910,896,1,4485.341685948229
910,866,1,5100.926166044408
909,810,1,4967.712480506165
909,891,1,4619.619310280471
909,776,1,4996.035073569947
908,807,1,5255.364740219359
908,883,1,5135.925657203443
908,774,1,4891.333811487309
907,883,1,4821.057440194292
907,891,1,5049.665900700077
907,845,1,4978.557992738922
907,819,1,4778.331463189039
906,796,1,4783.617802117317
906,836,1,4765.80641158526
906,864,1,4997.237580145584
906,800,1,4906.482391332527
905,797,1,5131.949589261857
905,843,1,5022.456658854479
902,814,1,4786.682683529177
902,851,1,5089.160609267286
916,833,1,4345.903483759928
916,890,1,4767.939875151152
915,835,1,5025.62273886107
915,797,1,4719.554533265485
915,936,1,5351.404592463044
914,793,1,4997.392998437286
914,850,1,5106.091844444874
914,786,1,5289.8305839959585
914,861,1,4832.251501798605
913,823,1,4825.527938996993
913,839,1,5325.999650306366
913,813,1,5111.6146454338805
913,812,1,5135.990047985955
912,837,1,5085.6655665832
912,854,1,5002.674199967193
912,881,0,4751.793779440819
911,757,1,4897.01798587559
911,832,1,5138.440624840456
911,914,1,5103.7509836977915
911,854,1,5269.770027178081
910,773,1,5201.191251062807
910,809,1,5105.060488828123
910,903,1,4755.154654186047
910,916,1,5174.57546558935
909,840,1,4912.430657615851
909,796,1,5053.403914519171
909,802,1,4647.973455407323
909,893,1,5100.4682322015715
908,836,1,5151.946914211673
908,867,1,5071.379930420475
908,861,1,5414.107158716172
907,838,1,5006.44157293312
907,873,1,4982.613982714122
907,853,1,5036.18759848845
907,836,1,4604.695019005321
906,852,1,5002.179848838774
906,841,1,5261.670087736842
906,875,1,4658.201716994513
906,851,1,5407.815181007358
905,877,1,4710.270864558602
905,913,1,4962.495554176727
904,838,1,4789.352098722292
904,840,1,5097.428559140929
904,789,1,4416.4106855616865
904,842,1,4905.228335926218
902,864,1,4921.216477622363
902,884,1,5028.0233942588175
902,783,1,4881.623681220929
902,882,1,4534.965410454883
916,854,1,5057.048627265148
915,851,1,5069.1872538664165
915,846,1,5203.434965142627
915,861,1,4953.976492941492
914,814,1,4634.610944932448
914,830,1,4991.136807163707
914,868,1,4949.211797997791
914,890,1,4931.796196072852
913,864,1,4664.555480058978
913,859,1,4970.256455257545
913,905,1,4870.914208483504
913,883,1,4628.216215652472
912,880,1,5424.725382175665
912,848,1,4970.647915222577
912,773,1,4306.3651268740805
911,915,1,4857.696510990744
911,918,1,5152.208440336112
911,865,1,5263.324264977105
911,820,1,5368.375344499008
910,885,1,4737.439806814134
910,890,1,4910.88201477794
910,804,1,5164.878012954235
910,838,1,5326.689654424722
909,832,1,4884.394443544857
909,795,1,4924.250486479738
909,903,1,5098.830981511762
909,851,1,4808.514321862156
908,799,1,4986.504862630615
908,841,1,4825.311248300053
908,829,1,4820.0700865650315
907,868,1,4968.152972601671
907,892,1,4949.712232775662
907,865,1,4716.559844441274
907,810,1,4773.129140684387
906,850,1,5148.967071173334
906,867,1,5179.19429285713
905,768,1,5155.671417450463
905,779,1,4870.478776683417
905,857,1,4665.194758337595
905,857,1,5114.660234198997
904,822,1,4868.813567112152
904,784,1,5210.916902938844
904,865,1,4974.719609005994
903,898,1,5009.641483344087
903,908,1,4650.577399835434
902,866,1,4755.934398300734
902,810,0,5361.076986759745
916,895,1,5045.4736359061235
915,842,1,5037.726658817278
914,905,1,5223.75543604257
914,936,1,5067.656599684297
914,867,1,4348.267622901577
914,918,1,4881.031189227471
913,850,1,5252.9452039829175
913,866,1,5001.214150961015
913,834,1,5019.423387371394
913,838,1,5451.180944192062
912,827,1,4907.357610553157
912,730,1,5005.948502520914
912,866,1,5086.471326372969
911,848,1,4504.942047548646
911,806,1,5365.648641152137
911,910,1,5048.707286564415
910,812,1,4974.346486022141
910,877,1,5020.97614831577
910,798,1,4721.3123087577915
910,882,1,5152.071633134726
909,817,1,4882.935676650078
909,822,1,5157.445400386269
909,876,1,4925.431534962242
909,810,1,4884.067899686362
908,829,1,5124.201325132696
908,877,1,5024.051160073672
908,701,1,4993.643634982205
907,775,1,5023.382633756305
907,868,1,4818.428281702357
907,843,1,5068.785964727665
907,838,1,5504.35959554171
906,805,1,5283.3523738431295
906,840,1,5190.679820563227
905,848,1,4531.0513314539485
905,842,1,4619.730139257499
905,860,1,4785.927524149119
904,836,1,5019.789783924251
903,754,1,4804.136539980031
903,779,1,4621.970071576859
903,816,1,4961.242335661804
902,865,1,5116.558880531085
916,825,1,4784.439596008551
915,914,1,4686.962876815951
914,849,1,5184.269683135596
914,918,1,5033.61152676966
914,861,1,5425.458577462207
914,858,1,4849.486029401766
913,816,1,5052.751797403898
913,805,1,4738.581752660547
913,829,1,4544.500283452594
913,822,1,4366.256179928188
912,892,1,5011.646924652425
912,845,1,4906.96029612967
912,835,1,5085.084800934721
911,878,1,4748.778687421605
911,796,1,5346.535166438734
910,850,1,5246.457927506778
910,894,1,4957.603152484819
910,873,1,4602.4987856936805
910,801,1,5286.201272212022
909,838,1,5049.862574953245
909,905,1,4632.626166206724
909,798,1,5569.524026934082
909,784,1,5195.116329277609
908,871,1,5016.909001592008
908,895,1,4813.008958121379
908,865,1,5063.629992201198
907,884,1,5560.146716779225
907,824,1,5120.0864163369915
907,895,1,5304.0606925202555
907,858,1,4778.432846724849
906,858,1,4791.622247189656
906,859,1,4816.412242419336
905,769,1,4406.39909442379
905,843,1,5247.827821098544
905,853,1,5125.102148029591
903,925,1,4972.075349607044
903,842,1,5044.487973780045
902,838,1,5146.24780269055
917,898,1,4793.389962594359
916,874,1,5119.7252325647105
916,811,1,4959.391118790244
916,853,1,5052.679271272883
915,794,1,5162.503566774424
914,813,1,4986.134805990575
914,891,1,4680.866634934374
914,770,1,4770.627833555563
914,876,1,5265.219241933757
913,814,1,5078.833770407223
913,887,1,4878.4926499239955
913,830,1,5395.108075540173
913,846,1,4890.481012553453
912,822,1,4798.505080662524
912,889,1,5199.505635788224
912,860,1,5060.73883650059
912,879,1,4724.06289136373
910,829,1,4707.197133921922
910,835,1,5011.588523439129
910,827,1,5253.747245950488
910,830,1,4837.081069151775
909,802,1,4673.505884434924
909,859,0,4803.8831872691
909,889,1,5004.960003115222
909,830,1,5064.968362842377
908,804,1,5069.933295066527
908,876,1,5175.871210546178
908,850,1,4764.728203733146
907,754,1,5034.547294325597
907,906,1,5357.790930823278
907,872,1,5099.471610336013
907,830,1,4584.788059382473
906,877,1,5344.503175796117
906,897,1,5029.333636763305
906,864,1,5023.2909920388265
906,826,1,5119.758391829816
905,817,1,4863.197180387178
905,876,1,5251.992900605067
905,832,1,5056.288491399574
905,882,1,5149.1545387105925
904,939,1,4903.0447521606975
903,882,1,4874.700770290552
903,900,1,4815.417722247458
917,818,1,4824.025056179828
916,833,1,4496.344344645968
916,882,1,5583.719068074644
916,848,1,4885.587846473585
915,807,1,4772.5267121246425
915,867,1,5133.973040297611
915,807,1,5086.049181179354
914,881,1,5320.430812458266
914,908,1,4833.881795395405
914,849,1,5153.12268625599
914,904,0,5159.990670272529
913,868,1,5315.649782745192
913,876,1,4940.777181615699
913,897,1,4943.904001140279
913,898,1,4846.826066663325
912,896,1,5087.889945329087
912,908,1,4583.03019644113
912,874,1,4820.628733100887
911,779,0,5050.797715527987
910,859,1,5147.985841720006
910,897,1,4844.155326135357
910,761,1,4927.436615776073
910,868,1,5155.012230685576
909,859,1,4767.107262230471
909,813,1,4598.460307369731
909,852,1,4906.020318067071
909,840,1,4762.983485655577
908,837,1,4884.855961965814
908,923,1,5021.796604753358
908,821,1,5414.592855319876
907,753,1,5256.3784718389215
907,900,1,5101.171795536023
907,873,1,4921.6966631742
907,815,1,4734.933403573305
906,847,1,4896.913456470631
906,883,1,4689.584493613225
906,949,1,5372.636104369348
906,894,1,4865.575830662218
905,905,1,4851.532163883764
905,870,1,5169.369880535744
905,863,1,4911.691335681423
904,856,1,5235.992291801295
916,923,1,4965.207780639911
916,844,1,5332.333696795408
916,837,1,4568.821763032187
916,927,1,4952.5427888062695
915,850,1,4586.612411332841
915,857,1,4731.476920169338
915,938,1,5199.5276028213
914,889,1,5000.129511765568
914,811,1,5083.314998212164
914,828,1,5515.330284970996
914,871,1,4964.041084039659
913,840,1,4719.890420487932
913,865,1,4741.155108381729
913,781,1,4885.590678961799
913,827,0,5379.495254730443
912,869,1,4607.784421138731
912,884,1,5079.3864492927505
912,888,1,4915.57821293771
911,816,1,5206.080706855935
911,809,1,5163.871688689732
910,864,1,5270.3337713903065
910,863,1,4927.666942849934
910,859,1,5322.046360734596
910,818,1,4740.170531938344
909,868,1,5320.543895104618
909,793,1,4623.077951354378
909,819,1,5226.587646979646
909,867,1,4995.384688270917
908,893,1,5012.098776233305
908,803,1,4999.589482377638
908,900,1,5054.300024885727
907,899,1,4879.517653214147
907,837,1,4936.20083823078
907,859,1,5273.206507969371
907,824,1,5197.043643966673
906,808,1,4857.36449919656
906,852,1,5282.797199675967
906,832,1,4750.01925846904
906,835,1,5283.646165669492
905,856,1,5130.2909120793465
905,860,1,4513.743031386643
904,846,1,5630.309567202713
917,879,1,4990.845940658254
916,872,1,5482.661379293462
916,854,1,5602.601557790719
915,899,1,4994.93516354257
914,855,1,5042.236938093886
914,833,1,4958.493143808362
914,922,1,5152.788718163535
914,839,1,4546.94500042993
913,859,1,4887.7079631541055
913,852,1,5039.925828401586
913,807,1,4895.854068794482
913,883,1,5067.382857039158
912,844,1,5135.6016410413495
912,904,1,4828.356345066742
912,884,1,4573.580734199868
911,824,1,4856.665447339141
911,875,1,5310.3261370493565
911,874,1,5209.432883948096
911,803,1,4572.600762511344
910,812,1,4695.567872449406
910,893,1,4945.174960662694
910,833,1,4969.508721936981
910,810,1,4977.208614368387
909,838,1,4519.413070673789
909,816,1,4685.402423731366
909,831,1,4638.815032827257
909,878,1,5331.3654673639785
908,837,1,5031.451005924796
908,888,1,4868.37945698587
908,814,1,5222.634377755788
907,829,1,5246.435101082661
907,872,1,5435.604015817335
907,883,1,4709.760579150648
907,856,1,5148.705176172411
906,832,1,4587.027993639484
906,801,0,4965.966069692636
906,816,1,4814.037901346888
906,889,1,5080.490100834487
905,849,1,5133.773481435859
905,849,1,5245.441475347579
904,842,1,4865.266883447009
904,846,1,4941.333958424564
916,864,1,4998.74309688381
916,816,1,5065.279078719535
914,855,1,5082.364502384319
914,848,1,4588.208123836604
914,765,1,4864.038521433135
913,824,1,4651.658115867452
913,849,1,4900.239149808055
913,861,1,5263.052929553373
913,909,1,5249.929029465845
912,866,1,5288.589094558252
912,788,1,5527.2472621063225
912,835,1,5087.623365862224
911,887,1,4900.251204703674
911,852,1,4344.839368559403
911,950,1,5550.949887603642
911,836,1,5251.414239570261
910,823,1,4940.209521377569
910,851,1,4910.296851756143
910,830,1,4885.989438552087
910,938,1,4830.448026681581
909,913,1,5244.604781487527
909,850,1,5251.4552274475345
909,890,1,5027.53510660909
909,845,1,5190.284029554703
908,885,1,4849.832791273135
908,798,1,4608.935120016368
908,810,1,4855.989064133717
907,746,1,5333.792054851009
907,801,1,4949.712309841596
907,872,1,4694.185780332785
907,841,1,4809.944397409976
906,885,1,4901.250937709414
906,794,1,5384.77110658549
906,829,1,5391.004840887284
906,827,1,4669.647721609874
905,847,1,5236.230786269427
905,858,1,4674.2214443231005
904,859,1,5572.322470482216
904,857,1,4937.475374496051
916,870,1,4933.032783239567
916,812,1,5366.351205855029
914,862,1,4715.653450769471
914,859,1,5438.968123885438
913,894,1,5121.766833418419
913,857,1,4584.459688278064
913,825,1,5471.940255767407
913,792,1,5285.665388406153
912,905,1,4537.250106201703
912,845,1,4678.860224400145
912,836,1,5180.101292612345
911,887,1,5000.152351730288
911,842,1,5235.061710577524
911,860,1,5073.5613353281415
911,943,1,5149.94018162609
910,876,1,5431.8666794869405
910,758,1,4724.551356695894
910,938,1,4937.170492023763
910,803,1,4776.568144936662
909,838,1,4807.4916788517985
909,834,1,4788.04602716462
909,813,1,4749.495945692612
909,957,1,4503.270173380571
908,840,1,4750.805608108143
908,860,1,5229.771453231485
908,839,1,4752.725206595449
907,892,1,5249.744488991089
907,891,1,5346.410367088647
907,805,1,4647.863100418684
907,856,1,5205.5311658590945
906,866,1,4703.365397266393
906,859,1,5383.035378548917
906,916,1,4942.848012220038
906,780,1,5070.127955866046
905,872,1,4720.350994523648
905,804,1,4748.269078554643
904,868,1,5594.358092503857
916,780,1,5197.857763787079
916,794,1,5451.149904074099
914,831,1,4853.040294912303
914,762,1,5409.2711434335715
913,883,1,5222.444545370958
913,833,1,5166.940354015791
913,842,1,4819.938451499838
913,800,1,5301.720792099954
912,833,1,5063.396864692727
912,854,1,4742.016110333578
912,854,1,4782.367749967089
911,817,1,4851.770549314989
911,819,1,5113.444425257865
911,793,1,5337.743256538107
911,915,1,5223.788861090129
910,837,1,5347.058417001428
910,898,1,4994.870991781782
910,843,1,4831.545409732468
910,842,1,4862.801075724439
909,863,0,4915.817769037634
909,785,1,5348.985221217625
909,875,1,4958.261848712051
909,823,1,5545.974640043592
908,866,1,4526.566658237204
908,885,1,5297.606393883698
908,851,1,4707.55675775275
907,790,1,4913.859940190138
907,817,1,5150.939340152122
907,864,1,4863.622801558484
907,867,1,5042.794963731068
906,810,1,5138.026182852508
906,889,1,4750.04946322566
906,857,1,5090.295747375411
906,866,1,5597.332006459699
914,858,1,4969.072086954104
913,794,1,4776.065266638371
913,792,1,5520.051459118406
913,832,1,4591.82666745183
913,835,1,5036.428227135558
912,898,1,4742.279266405208
912,863,1,5282.866715261016
912,848,1,4941.012925668815
911,848,1,5004.370741461992
911,876,1,4783.472931724077
911,759,1,4958.2446884663495
911,781,1,5198.605204281401
910,862,1,4811.526613423592
910,830,1,4938.593043465267
910,783,1,4935.954391637679
910,841,1,5431.977565640907
909,834,1,4790.286021574338
909,886,1,5039.739981791464
909,869,1,5371.563128226694
909,835,1,5020.463380536399
908,843,1,5243.286810340953
908,879,1,4796.150812213694
908,825,1,5265.996211508285
907,865,1,5174.402333205719
907,823,1,4902.409338300127
907,905,1,5224.267745293216
907,841,1,5271.7350635538705
906,902,1,5311.600392454937
906,841,1,5189.160696955948
906,858,1,5029.532768923447
906,865,1,5113.897182793124
915,828,1,4999.878803079149
914,831,1,5162.579752697787
914,794,1,5561.0414118523495
913,799,1,4861.4399835984395
912,835,1,5271.719238831033
912,850,1,5209.474885193877
911,887,1,4505.6525083008555
911,769,1,4922.819331767448
911,848,1,5175.599705091697
911,891,1,4770.389747867981
910,889,1,5250.223135756053
910,842,1,4737.534487038735
910,823,1,5120.266556737488
910,873,1,5218.8781090008
909,787,1,4617.609912325551
909,924,1,5002.885238216154
909,780,1,5208.528832350436
909,856,1,5306.190330591494
908,826,1,5388.612275124468
908,809,1,4751.792902652547
908,878,1,5242.769063153854
907,869,1,5014.904564240101
907,834,1,4801.60613420436
907,893,0,4930.556223438952
907,869,1,4942.9156655217985
906,920,1,4549.464734541262
906,814,1,5472.829846857722
906,841,1,4956.565092608723
906,897,1,4645.457965637974
915,895,1,5120.230266404817
915,822,1,5377.52380735139
914,843,1,5035.712383206753
914,852,1,5281.0160908577955
914,845,1,5265.648963821497
912,870,1,5145.084770592971
912,879,1,4553.121257929095
911,913,1,5042.169626826381
911,800,1,4770.696734848717
911,896,1,5374.119528116944
911,776,0,5354.307034563086
910,859,1,4888.969107068484
910,861,1,5184.8996228748
910,824,1,5226.607550583881
910,864,1,4627.009083559518
909,840,1,4796.697616496877
909,899,1,4689.977097975636
909,867,1,4802.355484415813
909,895,1,4534.090755640534
908,812,1,4600.369031264842
908,916,1,5150.796434055596
908,812,1,4843.548772449559
907,875,1,5374.604033267448
907,892,1,4904.021844325576
907,805,1,4938.84667680191
907,843,1,5086.977657799371
906,873,0,5503.739727490137
906,747,1,5092.877043899305
914,863,1,4473.281562396837
914,860,1,5163.308901216042
912,844,1,4821.775964463762
912,842,1,5528.080587594784
911,880,1,4631.099747681241
910,821,1,5382.799480644812
910,835,1,4802.624912628123
910,878,1,4519.953522152049
910,894,1,4977.34999093687
909,825,1,5186.84940695989
909,872,1,4924.922791839636
909,839,1,4373.184234229236
909,791,1,5108.902040244475
908,876,1,5258.054375137932
908,834,1,4771.606768416959
908,864,1,4835.4099263229455
907,879,1,4713.399979576923
907,851,1,5282.1357879161105
907,897,1,4950.025172104596
906,844,1,4987.4293480786155
906,891,1,4891.104141905557
915,862,1,4663.40408045601
915,830,1,5049.9863778304425
915,787,1,5136.493158224471
914,781,1,4905.408101731428
914,863,1,5403.847231181728
914,749,1,4699.494028426185
913,879,1,5116.968879048493
911,828,1,4676.062270958395
911,858,1,4902.467237180619
910,839,1,4862.521198074487
910,852,1,5307.608511393187
910,784,1,4972.183710705694
910,906,1,5314.7946608717975
909,837,1,4998.7984492734795
909,821,1,4834.810574449143
908,913,1,4879.80615679294
907,763,1,4880.058230072009
907,852,1,4890.361795152119
907,836,1,5185.7101511836245
913,887,0,5002.2349074472395
911,805,1,4880.706865286995
911,875,1,5245.401140871456
910,832,1,4774.1914475780895
910,834,1,4818.329374692187
910,821,1,4973.572030511117
909,878,1,4870.90114181251
909,835,1,4354.425866635576
908,829,1,5302.454953458565
908,820,1,4932.578998395833
907,793,1,5028.101731560758
907,854,1,5149.4508439087485
904,910,0,5157.041921458234
915,881,1,4768.602779326277
913,861,1,4720.335764469318
912,880,1,5187.207320382881
912,827,1,5391.773367995944
912,907,1,4619.30017153728
911,740,1,4886.382299622179
909,829,1,4911.6561076857515
908,794,1,4738.083518093084
907,827,1,4978.324359526964
907,830,1,4969.615406884905
904,835,1,4702.58751799929
904,878,1,5267.528913363709
913,804,1,4406.697769244124
913,869,1,5122.831014646359
912,873,1,4780.518465348918
912,819,1,4903.154155594715
911,882,1,4822.886108354243
911,791,1,4926.597008177584
910,859,1,4918.714772965943
909,868,1,4849.315082036622
907,833,1,5112.716696749882
904,863,1,5217.858482564674
904,830,1,5070.765850770304
904,828,1,4627.438886667605
914,866,1,5007.57937064805
913,891,1,4767.42796245173
913,846,1,4794.366133831912
912,904,1,4909.640339885829
912,848,1,5255.411162837503
912,819,1,5381.430293399828
911,813,1,4780.373188375479
911,839,1,4989.709089482788
911,887,1,4355.823576354092
910,869,1,4999.25936987529
910,862,1,5066.635030726917
909,785,1,5259.364229085955
909,826,1,5126.3722929945
909,855,1,4707.300768691611
905,862,1,5112.781126409067
905,817,1,4968.686551458783
905,796,1,4975.271048320688
904,837,1,5134.782533382817
904,845,1,5690.620447154561
904,969,1,5049.3090402089765
904,845,1,4971.059348847142
917,897,1,5340.485174265684
912,850,1,5237.054598043589
912,842,1,4643.144750008931
911,799,1,5117.863746954096
911,881,1,5346.968446594058
911,890,1,5022.4861046699225
911,777,1,4812.562492555712
910,835,1,4967.749593175789
909,830,1,5081.395555648657
909,856,1,4903.0803482824085
909,839,1,4945.964088324833
909,905,1,5283.103902208371
908,932,1,4783.264211564204
907,914,1,5053.926716819891
907,843,1,4580.432729201195
907,821,1,5337.1707261979
906,803,1,5228.821322325817
906,848,1,4634.363533081579
906,811,1,5004.847173408112
905,839,1,5117.87936423197
905,884,1,4891.6542556606855
905,808,1,5058.224917151761
904,897,1,4969.677063903092
904,838,1,4693.5911060697
904,809,1,4625.679862926165
903,815,1,4997.443922823252
913,910,1,5091.814285142188
911,825,1,5230.526706056071
911,818,1,4937.621089466704
911,745,1,5141.109698503131
911,773,1,5068.601528445199
910,903,1,4543.338767415664
910,878,1,4710.441026195594
910,909,1,5376.483860824508
909,916,0,4966.012300899078
909,843,1,5452.5353654725795
909,907,1,5078.267437858542
909,867,1,4676.32175249828
908,816,1,5127.067669427193
908,853,1,4651.378249361857
908,830,1,5269.378495491838
907,869,1,5022.7013968917545
907,836,1,5002.034597793262
907,820,1,5295.5640014259325
907,866,1,5241.817579436667
906,818,1,5365.043274957802
904,822,0,4889.058070933836
904,867,1,4922.619373748432
904,871,1,4806.454229407323
904,833,1,4974.869084383483
903,899,1,5021.032242361945
915,889,1,5139.801386644251
914,913,1,4722.339133425772
913,772,1,5007.532271040723
912,783,1,5288.745907139904
912,843,1,4634.946947679776
911,802,1,4891.502297519756
911,891,1,5519.069345214322
910,855,1,5518.970273670967
909,778,1,5039.422709778809
909,841,1,4967.6539310558555
909,898,1,5023.19891283653
909,871,1,5062.01143886702
908,827,1,4925.656047010627
908,883,0,5206.598211233156
908,868,1,5051.001764848037
907,878,1,4743.820431317694
907,786,1,5109.595685606034
907,864,1,4931.063935892929
907,840,1,5132.959924115265
906,860,1,4790.179538521728
904,902,1,4937.713847867154
904,911,1,5012.024523093209
904,824,1,4991.54030955498
914,854,1,4827.615825293137
914,835,1,4943.3181898630855
912,781,1,5280.72561455692
912,872,1,4926.2458188382825
911,972,1,4815.349871215683
910,857,1,4971.151113879041
910,806,1,5110.985113469836
909,832,1,4877.724225604429
909,901,1,5606.742435209146
908,866,1,4952.297805672308
908,829,1,4948.86389064812
908,843,1,3795.6016874539673
907,878,1,5114.967613309274
907,878,1,4880.327490883469
907,912,1,5071.26302763742
907,819,1,4822.758198456161
905,843,1,5056.217157224257
904,830,1,5226.070263843023
904,823,1,4789.25415816922
904,879,1,4862.360434212891
904,827,1,5387.103774890774
915,839,1,4736.637298255927
912,863,1,5037.201629997467
912,830,1,5300.473440745406
912,892,1,5507.70003982364
911,888,1,4897.137653878936
911,908,1,5302.957669631554
909,849,1,5009.004953988005
909,885,1,4890.131486883916
908,909,1,5269.808271467637
908,801,1,5201.55999328406
908,872,1,5180.09782597605
907,914,1,4904.375292538052
907,822,1,4531.704256388175
907,852,1,5160.975268471142
907,842,1,5405.701319537701
904,810,1,4619.265878536925
904,825,1,4655.316174482816
904,872,1,4785.7140003081395
912,895,1,4535.869545557175
911,805,1,5354.966612097768
909,843,1,5427.3800869274255
909,855,1,4838.596107519424
908,835,1,4623.002940077811
908,926,1,4834.423912394838
907,820,1,5035.80446336651
907,842,1,5108.740605881936
907,853,1,5204.106035914987
907,894,1,5070.04763037285
906,880,1,5108.46986165828
905,851,1,5308.564568741864
904,811,1,5222.333200089345
904,790,1,5619.51468264608
904,906,1,4975.874933224659
904,826,1,5350.493602602705
916,889,1,5035.388958438857
915,844,1,5332.775335242434
912,884,1,4829.4814876168275
912,892,1,5174.818072341979
912,834,1,5033.489110923511
912,855,1,4834.53092548337
911,874,1,5057.143517664235
910,845,1,5252.449741886903
909,831,1,5468.446108199103
909,856,1,4689.151756441864
909,873,1,4996.567732510224
908,842,1,4981.482933019108
908,842,1,4732.582097831747
908,853,1,5067.737632858627
907,810,1,5137.042515303714
907,850,1,4542.095236280781
907,837,1,4725.972342430473
907,830,1,5255.248786626003
906,911,1,5253.752976989988
905,842,1,5190.375418279167
905,842,1,4993.647184667926
904,829,1,5047.049259738224
903,867,0,4882.54673042173
916,863,1,5313.167768202899
912,817,1,4879.832058157705
912,850,1,4833.240987388012
912,825,1,4937.200335533308
911,863,1,4800.6419462534595
910,841,1,5106.982441859026
910,870,1,5331.550811027542
910,837,1,4781.532761802422
909,806,1,4509.1833144422435
909,907,1,5207.624303251808
909,831,1,4962.7382826084095
908,914,1,4928.753290064533
908,928,1,5045.5128430288905
908,860,1,4855.437873484687
907,868,1,4726.682783779451
907,901,1,5143.9238374330735
907,868,0,5038.022924627343
907,871,1,5107.937069835184
906,883,1,4629.175526447425
905,850,1,5135.205900018733
905,864,1,4789.121450115486
905,843,1,5316.379387178238
904,861,1,5299.383474181037
904,863,1,4736.309232747781
904,881,1,4644.286723436782
903,931,1,4846.2076289697125
903,797,1,4663.398446737039
913,834,1,5496.438200500814
913,884,1,5204.390164738569
912,882,1,5027.684437440883
910,865,1,5073.6134617310245
910,864,1,5511.182075651652
910,815,1,4802.639511023524
909,879,1,4907.769616277852
909,804,1,4670.58585280664
908,878,1,5322.866298824781
908,835,1,4764.153079635291
908,820,1,5277.9909905021495
907,850,1,4827.619051340186
907,813,1,5103.692871821777
906,808,1,4994.141890302529
906,861,1,5085.381193334316
905,787,1,5102.2071198153935
905,861,1,4631.38511049
904,855,1,5189.214506941902
904,905,1,5290.761347661802
903,904,1,5135.006883216742
903,906,1,4963.666686656348
912,842,0,4663.518156235011
911,823,1,5165.0410746050275
910,828,1,5021.498547360093
909,831,1,4869.009291400271
909,790,1,4565.246581923633
908,888,1,5371.141847050321
908,907,1,4620.595088627711
907,814,1,5148.588010615606
906,942,1,5291.429453235898
906,838,1,5419.15184121744
905,847,1,4902.145676142369
905,860,1,5215.089867001186
905,875,1,5013.304116620229
905,866,1,5069.676670032782
904,894,1,5045.727583351518
904,845,1,5357.597352168677
904,837,1,4890.2423669018945
903,821,1,5193.901093074359
903,785,1,4812.942933308671
912,750,1,5110.380949392113
910,814,1,4847.6144850664095
910,879,1,4573.984418316394
908,822,1,4999.445268187965
907,902,1,4644.483508416488
906,896,1,4810.764260603729
906,885,1,4731.811785071836
906,881,1,4904.112742422733
906,867,1,4745.780891588218
905,806,1,4894.648691865902
905,782,1,4948.8468289493885
905,823,1,4803.147771843546
905,818,1,4673.992678068526
904,857,0,5175.702177923006
904,847,1,4801.001566794856
904,903,1,5628.3822798369565
903,893,1,4789.499071974652
903,882,1,4948.243303771089
913,806,1,4937.766357371628
908,846,1,4725.022785987373
908,876,1,5053.130073356981
907,847,1,4930.878576235867
906,896,1,4899.743629725191
906,852,1,4966.762532584462
906,837,1,5096.784028097319
906,796,1,4220.269348919408
905,876,1,5236.667664137741
905,855,1,4525.446685627836
905,916,1,5139.276663568422
905,834,1,5343.55115107926
904,822,1,5331.658939376866
904,900,1,4694.345615860805
904,839,1,4604.97190579614
904,806,1,5097.226113347256
903,913,1,5165.963853141819
913,863,1,5448.143957260739
912,865,1,4919.764834494668
911,826,1,4976.585441424685
909,800,1,4915.364352202718
909,792,1,4526.773834635663
906,804,1,5037.641633680148
906,842,1,4782.923156027399
906,912,1,4819.587062136013
905,750,1,5434.6016251740275
905,835,1,4842.7697037793705
905,847,1,5014.422064002719
905,934,1,4841.2112401775485
904,808,1,5004.802097820176
904,852,1,5385.207706891521
904,894,1,5290.526527993235
903,815,1,4816.213429741181
903,816,1,5239.4127104709805
912,789,1,4911.382631122935
910,853,1,4685.0307585483115
910,847,1,4935.551720113837
909,893,0,4989.5383443713135
906,836,1,4900.685311591107
906,885,1,5253.795551426495
906,883,1,5238.161399529686
905,851,1,5188.4124057430845
905,801,1,4496.860160944547
905,856,1,4793.323248405406
905,832,1,4754.612588236806
904,854,1,4857.717174745507
904,862,0,4933.755288544801
904,864,1,5247.50405477635
904,875,1,5275.337790454207
903,815,0,4765.757780434007
911,893,1,5148.974756535521
911,855,1,5250.359544265623
911,803,1,4653.9984602218065
910,839,1,5100.877088490461
910,847,1,5464.942172718245
909,791,1,5243.249036352103
906,890,1,5218.673868282103
906,816,1,4914.551964146852
905,836,1,5175.907467990683
905,833,1,5000.579220792108
905,798,1,4693.145952589028
905,801,1,4569.118874443817
904,895,1,4579.351629594334
904,754,1,4654.253463614874
904,787,1,4838.644092579544
911,852,1,4795.6865634276
911,867,1,5248.856317380455
910,881,1,5351.115809700277
905,840,1,5163.855511945322
905,885,1,4883.007735410951
905,911,1,4894.52268814464
904,822,1,4764.65316061765
904,868,1,5009.057050317222
905,868,1,4502.875970983012
905,859,1,4691.870073362801
904,938,1,4903.709550395888
912,893,1,5326.191746855753
905,811,1,4609.051214472494
904,851,1,5141.692021486576
910,889,0,5058.015093391803
909,909,1,4780.100779190628
910,860,1,5107.296003001519
910,833,1,4871.307373302126
908,924,1,4846.716555508403
912,913,1,4526.240182925222
910,801,1,4797.066886333508
910,889,1,5019.303319794132
